{
	"format_version": "1.8.0",
	"animations": {
		"0": {
			"loop": true,
			"animation_length": 4,
			"bones": {
				"Head": {
					"rotation": {
						"0.0": {
							"vector": [0, 0, 0]
						},
						"0.1667": {
							"vector": [-5, 0, 0]
						},
						"0.9167": {
							"vector": [-5.00303, 1.99239, -0.17438]
						},
						"1.0833": {
							"vector": [-5.20041, 15.93749, -1.43161]
						},
						"1.7083": {
							"vector": [-5.15226, 13.94565, -1.24486]
						},
						"1.875": {
							"vector": [-5.35373, -20.91633, 1.91617]
						},
						"2.2083": {
							"vector": [-5.35373, -20.91633, 1.91617]
						},
						"2.2917": {
							"vector": [-20.35373, -20.91633, 1.91617]
						},
						"2.7083": {
							"vector": [-20.35373, -20.91633, 1.91617]
						},
						"3.4583": {
							"vector": [-19.98716, -18.10023, 0.81884]
						},
						"3.625": {
							"vector": [0, 0, 0]
						},
						"3.9583": {
							"vector": [0, 0, 0]
						}
					}
				},
				"Right Arm": {
					"rotation": {
						"0.0": {
							"vector": [0, 0, 0]
						},
						"1.4583": {
							"vector": [0, 5, 0]
						},
						"2.5": {
							"vector": [-0.43688, 4.98093, -5.019]
						},
						"2.875": {
							"vector": [0, 0, 0]
						}
					}
				},
				"Left Arm": {
					"rotation": {
						"0.0": {
							"vector": [0, 0, 0]
						},
						"2.125": {
							"vector": [0, 0, -17.5]
						},
						"3.4167": {
							"vector": [0, 0, 0]
						}
					}
				},
				"Right Leg": {
					"rotation": {
						"1.1667": {
							"vector": [0, 0, 0]
						},
						"1.25": {
							"vector": [-5, 0, 0]
						},
						"1.375": {
							"vector": [0, 0, 0]
						},
						"1.4583": {
							"vector": [-5, 0, 0]
						},
						"1.5833": {
							"vector": [0, 0, 0]
						},
						"1.6667": {
							"vector": [-5, 0, 0]
						},
						"1.7917": {
							"vector": [0, 0, 0]
						},
						"1.875": {
							"vector": [-5, 0, 0]
						},
						"2.0": {
							"vector": [0, 0, 0]
						},
						"2.0833": {
							"vector": [-5, 0, 0]
						},
						"2.1667": {
							"vector": [0, 0, 0]
						},
						"2.25": {
							"vector": [-5, 0, 0]
						}
					}
				},
				"Left Leg": {
					"rotation": {
						"2.2917": {
							"vector": [0, 0, 0]
						},
						"2.5833": {
							"vector": [0, 4, -7.5]
						},
						"2.8333": {
							"vector": [-2, 4, -7.5]
						},
						"2.9167": {
							"vector": [-60, 4, -7.5]
						},
						"3.0": {
							"vector": [-50, 4, -7.5]
						},
						"3.2917": {
							"vector": [-60, 4, -7.5]
						},
						"3.375": {
							"vector": [-43.86, 1.55, -2.91]
						},
						"3.4167": {
							"vector": [0, 0, 0]
						},
						"3.5417": {
							"vector": [-2, 0, 0]
						},
						"3.8333": {
							"vector": [0, 0, 0]
						}
					}
				},
				"bone2": {
					"rotation": {
						"0.0": {
							"vector": [0, 0, 0]
						},
						"0.5": {
							"vector": [-3.73, 0.48, -2.64]
						},
						"0.75": {
							"vector": [-6.52514, 0.84145, -4.86789]
						},
						"1.1667": {
							"vector": [-8.03, 3.29, -6.47]
						},
						"1.5833": {
							"vector": [-5.57305, 3.21593, -3.45572]
						},
						"2.0": {
							"vector": [0, 0, 0]
						},
						"2.5833": {
							"vector": [6.39882, -5.45062, 2.54015]
						},
						"3.0833": {
							"vector": [10.03742, -6.92385, 4.12962]
						},
						"3.6667": {
							"vector": [6.44249, -3.27171, 1.61227]
						},
						"4.0": {
							"vector": [0, 0, 0]
						}
					}
				},
				"bone3": {
					"rotation": {
						"0.0": {
							"vector": [0, 0, 0]
						},
						"0.5": {
							"vector": [-3.73, 0.48, -2.64]
						},
						"0.75": {
							"vector": [-6.52514, 0.84145, -4.86789]
						},
						"1.1667": {
							"vector": [-8.03, 3.29, -6.47]
						},
						"1.5833": {
							"vector": [-5.57305, 3.21593, -3.45572]
						},
						"2.0": {
							"vector": [0, 0, 0]
						},
						"2.5833": {
							"vector": [6.39882, -5.45062, 2.54015]
						},
						"3.0833": {
							"vector": [10.03742, -6.92385, 4.12962]
						},
						"3.6667": {
							"vector": [6.44249, -3.27171, 1.61227]
						},
						"4.0": {
							"vector": [0, 0, 0]
						}
					}
				},
				"bone4": {
					"rotation": {
						"0.0": {
							"vector": [0, 0, 0]
						},
						"0.5": {
							"vector": [-3.73, 0.48, -2.64]
						},
						"0.75": {
							"vector": [-6.52514, 0.84145, -4.86789]
						},
						"1.1667": {
							"vector": [-8.03, 3.29, -6.47]
						},
						"1.5833": {
							"vector": [-5.57305, 3.21593, -3.45572]
						},
						"2.0": {
							"vector": [0, 0, 0]
						},
						"2.5833": {
							"vector": [6.39882, -5.45062, 2.54015]
						},
						"3.0833": {
							"vector": [10.03742, -6.92385, 4.12962]
						},
						"3.6667": {
							"vector": [6.44249, -3.27171, 1.61227]
						},
						"4.0": {
							"vector": [0, 0, 0]
						}
					}
				}
			}
		}
	},
	"geckolib_format_version": 2
}