{
	"format_version": "1.8.0",
	"animations": {
		"vgolovu": {
			"animation_length": 3.2917,
			"bones": {
				"bone": {
					"rotation": {
						"0.0": {
							"vector": [0, 0, 0]
						},
						"0.0417": {
							"vector": [-3, 0, 0]
						},
						"0.1667": {
							"vector": [0, 0, 0]
						},
						"0.25": {
							"vector": [-0.75, 0, 0]
						},
						"0.4167": {
							"vector": [0, 0, 0]
						},
						"0.5833": {
							"vector": [5.58, -0.52, 4.16]
						},
						"0.6667": {
							"vector": [10.96396, -0.86686, 6.92505]
						},
						"0.75": {
							"vector": [9.96396, -0.86686, 5.92505]
						},
						"0.9167": {
							"vector": [10.41, -1.65, 13.32]
						},
						"1.0": {
							"vector": [10.13881, -4.28334, 23.1281]
						},
						"1.0417": {
							"vector": [10.48, 0.39, 3.55]
						},
						"1.125": {
							"vector": [10.65788, 2.7288, -13.73717]
						},
						"1.2083": {
							"vector": [10.75518, 2.31074, -11.5242]
						},
						"1.375": {
							"vector": [7.99761, -0.05696, 0.75277]
						},
						"1.5833": {
							"vector": [7.48533, -0.48821, 2.97307]
						},
						"1.8333": {
							"vector": [8.44555, -1.05899, 5.91855]
						},
						"2.0833": {
							"vector": [7.21942, -0.79316, 4.4421]
						},
						"2.25": {
							"vector": [11.21714, -0.68216, 3.46538]
						},
						"2.5": {
							"vector": [7.58639, -2.67379, 17.12266]
						},
						"2.5833": {
							"vector": [6.58299, 6.95255, -6.31623]
						},
						"2.75": {
							"vector": [3.88865, -1.20714, -26.40818]
						},
						"2.8333": {
							"vector": [4.34287, 0.3029, -8.14052]
						},
						"2.9167": {
							"vector": [3.35, 0.19, 1.12]
						},
						"3.0417": {
							"vector": [-0.99985, 0.01745, 3.99985]
						},
						"3.25": {
							"vector": [0, 0, -1]
						}
					},
					"position": {
						"0.0": {
							"vector": [0, 0, 0]
						},
						"0.0417": {
							"vector": [0, 0, 1.1]
						},
						"0.25": {
							"vector": [0, 0, 0]
						},
						"0.4167": {
							"vector": [0, -0.33, 0]
						},
						"0.625": {
							"vector": [-0.05152, -0.81405, 0.08082]
						},
						"0.8333": {
							"vector": [-0.04089, -1.03648, 0.06832]
						},
						"1.0417": {
							"vector": [-0.05152, -0.71405, 0.08082]
						},
						"1.5": {
							"vector": [-0.04, -1.03, 0.06]
						},
						"1.7083": {
							"vector": [-0.03, -1.14, 0.04]
						},
						"2.125": {
							"vector": [-0.02, -1.38, 0.03]
						},
						"2.375": {
							"vector": [-0.01, -1.89, 0.02]
						},
						"2.5": {
							"vector": [0, -1.755, 0.02]
						},
						"2.5833": {
							"vector": [-0.275, -1.065, 0.01]
						},
						"2.75": {
							"vector": [0, 0, 0]
						},
						"2.9583": {
							"vector": [0, 0, 0]
						}
					}
				},
				"bone5": {
					"position": {
						"0.0": {
							"vector": [0, 0, 0]
						},
						"0.0417": {
							"vector": [0, 0, 2.3]
						},
						"0.125": {
							"vector": [0, 0, 0]
						}
					}
				},
				"bone2": {
					"rotation": {
						"1.0": {
							"vector": [0, 0, -2]
						},
						"1.0833": {
							"vector": [0, 0, -152]
						},
						"1.2083": {
							"vector": [0, 0, -168.5]
						},
						"1.4167": {
							"vector": [0, 0, -128.5]
						},
						"1.5833": {
							"vector": [0, 0, -141.5]
						},
						"1.8333": {
							"vector": [0, 0, -147]
						},
						"2.0833": {
							"vector": [0, 0, -141.5]
						},
						"2.375": {
							"vector": [0, 0, -149.75]
						},
						"2.5": {
							"vector": [0, 0, -172.75]
						},
						"2.625": {
							"vector": [0, 0, 0]
						},
						"2.9583": {
							"vector": [0, 0, -2]
						}
					}
				},
				"bone3": {
					"rotation": {
						"1.5": {
							"vector": [0, 0, 0]
						},
						"1.75": {
							"vector": [12, 14, 0]
						},
						"1.875": {
							"vector": [30.51362, -10.18679, -14.22133]
						},
						"2.0": {
							"vector": [28.80614, 3.90958, -6.10561]
						},
						"2.1667": {
							"vector": [22.00341, 2.17199, -3.39201]
						},
						"2.375": {
							"vector": [0, 0, 0]
						}
					},
					"position": {
						"1.5": {
							"vector": [2.2, -3.4, 0]
						},
						"1.5833": {
							"vector": [1.675, -1.7, 0]
						},
						"1.75": {
							"vector": [-2.995, 0.55, 0]
						},
						"1.875": {
							"vector": [-4.43645, 1.76818, 2.45629]
						},
						"2.0": {
							"vector": [-5.54506, 2.22583, 2.85712]
						},
						"2.1667": {
							"vector": [-5.5014, 1.07245, 2.68709]
						},
						"2.2917": {
							"vector": [-5.5171, 0.66417, 1.79243]
						},
						"2.375": {
							"vector": [-5.51, 0.545, -0.68]
						}
					},
					"scale": {
						"1.5": {
							"vector": [0, 0, 0]
						},
						"1.5833": {
							"vector": [1, 1, 1]
						}
					}
				},
				"bone4": {
					"rotation": {
						"0.0": {
							"vector": [0, 0, 0]
						},
						"0.0833": {
							"vector": [-6, 25, 0]
						},
						"0.2083": {
							"vector": [-20.52577, 27.98637, -38.6603]
						}
					},
					"position": {
						"0.0": {
							"vector": [0, 0, 0]
						},
						"0.0833": {
							"vector": [-1.48492, 1.48492, 0]
						},
						"0.2083": {
							"vector": [-3.05301, 1.71787, 1.04573]
						},
						"0.375": {
							"vector": [-4.83504, 0.07855, 2.42109]
						}
					},
					"scale": {
						"0.0": {
							"vector": [1, 1, 1]
						},
						"0.2083": {
							"vector": [1, 1, 1]
						},
						"0.375": {
							"vector": [0, 0, 0]
						}
					}
				}
			}
		},
		"idle": {
			"loop": true,
			"animation_length": 1.8333,
			"bones": {
				"bone": {
					"rotation": {
						"0.0833": {
							"vector": [0, 0, 0]
						},
						"0.2917": {
							"vector": [0.085, 0, 0]
						},
						"0.5": {
							"vector": [0.35, 0, 0]
						},
						"0.7083": {
							"vector": [0.155, 0, 0]
						},
						"0.9583": {
							"vector": [0.005, 0, 0]
						},
						"1.25": {
							"vector": [-0.265, 0, 0]
						},
						"1.5": {
							"vector": [-0.115, 0, 0]
						},
						"1.8333": {
							"vector": [0.01, 0, 0]
						}
					},
					"position": {
						"0.0": {
							"vector": [0, 0, 0]
						},
						"0.4167": {
							"vector": [0, -0.04, 0]
						},
						"0.875": {
							"vector": [0, -0.2, 0]
						},
						"1.375": {
							"vector": [0, -0.05, 0]
						},
						"1.8333": {
							"vector": [0, 0, 0]
						}
					}
				},
				"bone3": {
					"rotation": {
						"vector": [0, 0, 0]
					},
					"scale": {
						"vector": [0, 0, 0]
					}
				}
			}
		}
	},
	"geckolib_format_version": 2
}