{
  "credit": "Made with Blockbench",
  "parent": "builtin/entity",
  "texture_size": [
    64,
    64
  ],
  "display": {
    "thirdperson_righthand": {
      "translation": [
        0,
        0,
        -1
      ]
    },
    "thirdperson_lefthand": {
      "translation": [
        0,
        0,
        -1
      ]
    },
    "firstperson_righthand": {
      "rotation": [
        -0.30999999999994543,
        1.7699999999999818,
        6.5
      ],
      "translation": [
        0,
        3.25,
        -0.25
      ]
    },
    "firstperson_lefthand": {
      "translation": [
        -9.1,
        5,
        4.25
      ]
    },
    "ground": {
      "translation": [
        0,
        0,
        7.25
      ]
    },
    "gui": {
      "rotation": [
        89.2800000000002,
        -46.98999999999978,
        89.48999999999978
      ],
      "translation": [
        -4.25,
        -4,
        0
      ]
    },
    "fixed": {
      "rotation": [
        89.2800000000002,
        -46.98999999999978,
        89.48999999999978
      ],
      "translation": [
        -2.25,
        -4,
        0
      ]
    }
  }
}